Lenka Lorraine,689 Meadow Ridge Lane,New Bedford,Massachusetts,02745,5048379920680643
Adora Dunican,6 Stang Street,Honolulu,Hawaii,96815,5108752233716162
Janean Hordle,4708 Montana Parkway,Newport News,Virginia,23612,5108757039709998
Carley Lassey,783 Grover Place,Newport News,Virginia,23605,5108754726775242
Gina Gush,0 Transport Junction,Charleston,West Virginia,25326,5048370705907269
Heddi Sollam,63 Fulton Terrace,Washington,District of Columbia,20591,5108752147999748
Marvin Banishevitz,739 Mayer Park,Garland,Texas,75049,5108752074616661
Sibelle Guare,73934 Dawn Lane,San Francisco,California,94105,5108757633417220
Robbie Georgiades,029 Service Alley,Boston,Massachusetts,02216,5108758357666612
Clim Cuseck,062 Lindbergh Avenue,Jersey City,New Jersey,07310,5048378452502985
Edsel Hallex,8597 Tennessee Road,Arlington,Texas,76011,5108756434470370
Juanita Esom,96124 Jay Park,Bakersfield,California,93381,5108753757457282
Josh Powrie,77872 Londonderry Junction,Charleston,West Virginia,25326,5048373994703191
Kimble Arthey,1918 Oakridge Trail,Orlando,Florida,32835,5048371060446042
Phyllys Holburn,15 Coleman Point,San Antonio,Texas,78220,5108753732754811
Dom Coakley,9169 International Road,Amarillo,Texas,79165,5048377969373203
Trevor Coiley,7 Riverside Court,Maple Plain,Minnesota,55579,5108751013738065
Lawrence Ibanez,64259 Union Hill,Levittown,Pennsylvania,19058,5048378668268702
Gunar Clementel,21 Utah Drive,Sacramento,California,94280,5048370767983646
Brigham Matzeitis,34 Sutteridge Trail,Wilmington,North Carolina,28405,5108758784031430
Tonnie Edgeson,9 Hansons Junction,Salt Lake City,Utah,84105,5048377767999431
Israel Bennen,645 Mcbride Center,San Francisco,California,94177,5048373278174812
Candice Dilrew,99 Iowa Circle,Daytona Beach,Florida,32118,5108753591297373
Gamaliel Santi,08338 Oak Valley Alley,Madison,Wisconsin,53785,5048377420725652
Terra McClune,6877 Del Mar Terrace,Hartford,Connecticut,06105,5048371242348629
Kori Dewan,6283 Rusk Lane,Indianapolis,Indiana,46207,5048375873492143
Darius Tesauro,0666 Myrtle Hill,Roanoke,Virginia,24014,5108750282000181
Jacky Benyan,28603 Emmet Park,Philadelphia,Pennsylvania,19191,5048378011723494
Dolf Turban,0 Delaware Way,Honolulu,Hawaii,96845,5048376932329102
Langsdon Janaud,66 Magdeline Crossing,Naperville,Illinois,60567,5048376762220942
Garreth Darthe,46 Johnson Junction,Kansas City,Missouri,64199,5108758111310275
Ronald Vedntyev,6010 Graceland Center,Daytona Beach,Florida,32128,5048370375966892
Garvy Twelvetree,09507 Anzinger Place,Sioux Falls,South Dakota,57193,5108755537618364
Ezri Hukins,3765 East Place,San Diego,California,92165,5048371340490679
Guthrey Rumbold,0 Oriole Trail,Minneapolis,Minnesota,55487,5048376955401416
Janetta Scranney,28420 Ruskin Alley,Washington,District of Columbia,20530,5108759332098384
Trevar Deane,7 Division Way,Baton Rouge,Louisiana,70820,5108759825688915
Kelsi Prestwich,24 Sheridan Plaza,Washington,District of Columbia,20078,5048371393475221
Gamaliel Broadwell,9848 Eastlawn Crossing,Schaumburg,Illinois,60193,5108755222879743
Eldon Schooling,941 Badeau Crossing,Little Rock,Arkansas,72231,5048377250081572
Willie D'Adamo,4 Merchant Road,Saint Louis,Missouri,63180,5048378242611658
Christi Stout,93139 Farragut Trail,Springfield,Ohio,45505,5048370649540101
Whitney D'Ruel,64 Harper Lane,Dallas,Texas,75260,5108754347818009
Darnell Sleet,11397 Sage Place,Tucson,Arizona,85705,5048378244255173
Lezlie Hawking,40 Northport Lane,Manchester,New Hampshire,03105,5048370564764264
Haze Connealy,61 Northfield Street,Paterson,New Jersey,07505,5108756443039844
Benyamin Trainer,661 La Follette Pass,Pittsburgh,Pennsylvania,15279,5108755609757496
Reggi Iddison,5949 Fisk Alley,Austin,Texas,78726,5048378709489580
Yancey Drugan,9 Randy Street,Norfolk,Virginia,23551,5048370512871161
Karoline Hannaford,92924 Commercial Drive,Dayton,Ohio,45419,5108750202462644
Issy Chastney,62499 Mayer Drive,Chicago,Illinois,60619,5048374836533259
Duffy Litchfield,2 Superior Road,Rochester,New York,14609,5108751237569577
Neille Ensor,32 Buell Alley,Baltimore,Maryland,21282,5048372422440244
Arline Prantl,2390 Warbler Center,San Jose,California,95155,5048372064982172
Callean Mellenby,9 Beilfuss Pass,Irvine,California,92612,5048376281428968
Gunilla Cottle,901 Glacier Hill Hill,Montgomery,Alabama,36119,5048370976296384
Avivah Camplejohn,2678 Nelson Center,Wichita,Kansas,67230,5108754598849265
Nanon Scarlon,9452 Huxley Hill,Amarillo,Texas,79176,5048371388418798
Celestyn Stefi,91177 Westridge Way,New Orleans,Louisiana,70154,5108757621538862
Hendrika Leggott,130 Pine View Pass,Houston,Texas,77260,5108754221888854
Margarette Curteis,6 Ridgeview Street,Camden,New Jersey,08104,5048379866352025
Winn Davitti,21894 West Road,Redwood City,California,94064,5108754903746198
Harriet Pennetta,94129 Welch Alley,Trenton,New Jersey,08695,5048374877354714
Corrie Caulkett,8103 Saint Paul Avenue,Washington,District of Columbia,20073,5048371352523888
Luciana Beeswing,0265 Kedzie Crossing,Spartanburg,South Carolina,29319,5048373324898190
Ricard Kinsell,4463 Acker Pass,Philadelphia,Pennsylvania,19160,5108754932285291
Pauli Merington,352 Homewood Crossing,Birmingham,Alabama,35279,5048373024733093
Leonora Gypps,99800 Westend Avenue,East Saint Louis,Illinois,62205,5108750808066369
Lexy Dermott,9182 Mendota Lane,Philadelphia,Pennsylvania,19093,5048376566574395
Hermia Karpfen,6 Debs Street,Waco,Texas,76705,5048376821800239
Hayyim Girod,7031 Northport Road,Montgomery,Alabama,36125,5048379659375860
Bettye McKelloch,8960 8th Center,Mobile,Alabama,36616,5108753600473387
Giulietta Enderby,93704 Mcbride Parkway,Columbus,Ohio,43210,5108759482384295
Robinetta McFadyen,8 Bunting Point,San Angelo,Texas,76905,5108752337384768
Natal Cashley,87 Charing Cross Road,Greenville,South Carolina,29610,5108750334329646
Ario Blumire,195 Vera Avenue,Washington,District of Columbia,56944,5108755437925646
Myer Hellmore,792 Buhler Pass,Houston,Texas,77040,5108759407643999
Dulsea Broek,23025 Spaight Junction,Richmond,Virginia,23293,5108750791725989
Bryna Meere,80 Hansons Park,Anaheim,California,92812,5108757914626614
Gayla Giraldez,59191 Judy Terrace,Paterson,New Jersey,07505,5048374148637350
Pete Blackaller,49216 Union Pass,Fort Wayne,Indiana,46867,5108756288805788
Erskine Yegorovnin,4473 Fuller Court,El Paso,Texas,88589,5048370692781180
Rudyard Coulbeck,8215 Fordem Junction,Dallas,Texas,75353,5048371336612468
Consolata O'Cahey,0 Stuart Drive,Amarillo,Texas,79165,5108751632981963
Salomon Oubridge,25 Randy Circle,Colorado Springs,Colorado,80995,5048376583206179
Karrah O'Kane,757 Schiller Parkway,Buffalo,New York,14225,5048375079930730
Corinna Rosbotham,00894 Scoville Road,Worcester,Massachusetts,01605,5108758842680582
Bentley Francom,70655 Namekagon Parkway,Tacoma,Washington,98424,5048371313400622
Jaye Robbs,398 La Follette Avenue,San Diego,California,92105,5108757460741767
Brandyn Handrik,0123 Bonner Plaza,Lakeland,Florida,33805,5108754141321069
Blair Lorenzetto,58146 Delaware Pass,Washington,District of Columbia,20260,5048379840293766
Beverlie Batstone,741 Buena Vista Center,Chicago,Illinois,60609,5048376559395220
Ignacio Filmer,01555 Paget Drive,Albany,New York,12227,5048377850392338
Britte Libreros,806 Independence Center,Austin,Texas,78744,5108750973681323
Culley Crackel,070 Badeau Center,Salt Lake City,Utah,84135,5048372693504140
Candi Blumire,37916 Reindahl Circle,Cincinnati,Ohio,45271,5108750907794762
Martha Craise,51042 Muir Drive,San Diego,California,92191,5108758312622213
Jae Trunkfield,51376 Rusk Park,Memphis,Tennessee,38114,5108753093055824
Barbara Ovill,1917 Vermont Street,Young America,Minnesota,55551,5108755633793186
Gail Shave,20282 Merchant Circle,Asheville,North Carolina,28815,5108759154863774
Lucilia Bygate,4 Anniversary Road,Colorado Springs,Colorado,80935,5108754360733259
Gretta McAlroy,853 Lillian Crossing,Phoenix,Arizona,85005,5048373131503736
Caressa Colthard,68 Sunfield Avenue,Dayton,Ohio,45490,5048377047302000
Georgiana Bortoletti,19 Montana Junction,Hagerstown,Maryland,21747,5108759034167388
Stefano Pinch,721 Clove Way,Houston,Texas,77055,5048377212472653
Andonis Beavan,05 Forest Street,Houston,Texas,77060,5108752846989545
Netti Blanpein,330 Mosinee Crossing,Tulsa,Oklahoma,74116,5048379339175797
Tricia O'Shevlin,2541 Lerdahl Trail,Midland,Texas,79710,5108759533154317
Towny Feedome,045 Pepper Wood Hill,Sioux City,Iowa,51110,5048373741466019
Leoline Argabrite,61 Towne Plaza,Dallas,Texas,75323,5048372665642118
Marlin Fisbey,2 Dayton Avenue,Albany,New York,12222,5048372161916438
Kin Whillock,64319 Roxbury Drive,Phoenix,Arizona,85072,5048374882816798
Rad De Hailes,9 International Plaza,Baltimore,Maryland,21203,5108753930192624
Burk McGeachy,504 Fuller Park,Birmingham,Alabama,35263,5048370291604411
Judi Storre,45415 Oak Valley Street,Saint Louis,Missouri,63169,5108756555712014
Bruis Purvis,662 Schurz Drive,Metairie,Louisiana,70033,5108750275090918
Tanitansy Bazylets,901 Laurel Hill,Indianapolis,Indiana,46254,5048377640469289
Brad Legerton,584 Corscot Plaza,Seattle,Washington,98158,5048373023352390
Margarethe Sturror,25855 Farmco Way,Madison,Wisconsin,53705,5108753651641627
Consolata Linneman,82 Michigan Lane,Anchorage,Alaska,99522,5048374676958962
Hali Geharke,77035 Fremont Point,Springfield,Illinois,62711,5108759561958811
Dode De Giorgi,564 Lukken Point,Brooklyn,New York,11231,5108756187960205
Bobbie Sherratt,782 Springs Center,Long Beach,California,90810,5108759467573672
Nanni Matts,496 Scofield Parkway,Marietta,Georgia,30061,5108758788339060
Chucho Darling,66 Charing Cross Alley,Dayton,Ohio,45432,5108750058220393
Demetre Cowpland,1058 Di Loreto Trail,Huntington,West Virginia,25726,5108755371001149
Blythe Rawlison,5798 Transport Place,San Francisco,California,94147,5108754994248088
Griffith Wellfare,4348 5th Place,Gainesville,Florida,32605,5108756767073460
Alphonse Makeswell,44271 Claremont Crossing,Sandy,Utah,84093,5108750582928495
Bobby Le Surf,064 Truax Center,Fort Worth,Texas,76147,5108754764073278
Nicky Grelka,86 Mccormick Court,North Port,Florida,34290,5108751050912805
Hailee Doey,1615 Park Meadow Parkway,Green Bay,Wisconsin,54305,5048370417950938
Puff Bycraft,168 Ludington Drive,Atlanta,Georgia,31119,5108756233926945
Wayland Runchman,4 New Castle Point,Norcross,Georgia,30092,5108751170740987
Tatiana Waterstone,08 Derek Terrace,Cedar Rapids,Iowa,52405,5048376891162726
Keen Flynn,5582 Hoepker Junction,Albany,New York,12205,5048377329475474
Stefano Levensky,7 Independence Plaza,Charleston,West Virginia,25313,5108754750043343
Winston Croal,80763 Killdeer Court,Sacramento,California,94257,5108759624599719
Geoffrey Fouracres,97 Acker Road,Palm Bay,Florida,32909,5048379322245268
Josie Kuhnwald,318 Havey Hill,Chattanooga,Tennessee,37450,5048378852383622
Caril Scatcher,6 Delladonna Parkway,Henderson,Nevada,89012,5048374138557543
Nicolea Esby,08 Goodland Lane,Houston,Texas,77055,5108754573044395
Silvan Doman,555 Blue Bill Park Court,South Lake Tahoe,California,96154,5108759057184427
Debora Nockells,29 Pearson Drive,Newark,New Jersey,07104,5048374991891765
Perice Tupling,5335 Brentwood Lane,Chesapeake,Virginia,23324,5048371545470161
Finley Hairs,77396 Toban Trail,Montgomery,Alabama,36119,5108758711132426
Munroe Brinkworth,45 Prairieview Pass,Spokane,Washington,99260,5048370395945751
Lorenza Sheara,8936 Merchant Plaza,Mobile,Alabama,36689,5108756378734096
Connor Frankcom,86839 Lakewood Pass,Vancouver,Washington,98687,5048375007926354
Rosaline Izakovitz,8050 Declaration Point,Redwood City,California,94064,5108753233944671
Francyne Harnes,865 Fisk Lane,Fort Collins,Colorado,80525,5048377322698080
Massimiliano Scinelli,588 Jenifer Trail,Dallas,Texas,75221,5108756645034486
Lutero Hansell,8360 Towne Hill,Knoxville,Tennessee,37931,5108754304700117
Zora Hartburn,6 Gulseth Center,Houston,Texas,77293,5108757085767551
Avictor Grahame,52 Grim Road,New Haven,Connecticut,06520,5108750540824174
Samaria Pawling,69089 Maryland Terrace,New York City,New York,10079,5048370692921778
Pernell Cossington,3 Eastlawn Drive,New York City,New York,10029,5108751117377570
Harrietta Kitchener,7530 Algoma Place,Washington,District of Columbia,20599,5108750540447208
Colet Mecchi,434 Southridge Terrace,Gaithersburg,Maryland,20883,5108753424451049
Roseann Loxdale,2 Aberg Street,Hartford,Connecticut,06120,5108752238171355
Cristionna Brignall,8536 International Plaza,Norman,Oklahoma,73071,5108759641448486
Homerus Marrow,477 La Follette Hill,Rochester,New York,14619,5048373345871606
Audre Kohnemann,2318 Morning Crossing,El Paso,Texas,88546,5108752743413524
Tedie Toffel,520 Eliot Court,Fort Worth,Texas,76121,5048375584501968
Steffane Schankel,2 Wayridge Junction,Chicago,Illinois,60657,5108756807698128
Elihu Savins,5615 Melvin Trail,Loretto,Minnesota,55598,5048375566752845
Leontine Farnsworth,6 Maple Hill,Las Vegas,Nevada,89105,5108756456373635
Roddy Danslow,500 Randy Point,Fort Wayne,Indiana,46805,5048372187373838
Virge Yallop,45 Ilene Point,San Bernardino,California,92410,5048373774823433
Maxy Aireton,040 Melby Court,Young America,Minnesota,55551,5048377051772650
Rebeca Burfield,1 Bobwhite Court,Arlington,Texas,76016,5108758464328361
Tamqrah Angell,36 Glacier Hill Park,Washington,District of Columbia,20470,5108752569233634
Kinnie Raffon,9 Northwestern Point,Trenton,New Jersey,08608,5108750669696288
Quill O'Halloran,21 Corry Road,Chicago,Illinois,60646,5048372043922497
Galven Alcalde,2465 Corscot Pass,San Francisco,California,94132,5108750222376089
Hamish Rieme,888 Anhalt Road,Des Moines,Iowa,50981,5108752940390160
Fredek Fawdery,16476 Harbort Road,Topeka,Kansas,66629,5048371761351319
Aldon Aldham,88758 Delaware Center,Saginaw,Michigan,48609,5048372395969815
Franky Sincock,84128 Dovetail Crossing,Houston,Texas,77075,5048376752787967
Daryl Gumm,167 Dunning Crossing,New York City,New York,10270,5048376042179132
Dyane Brozsset,87324 Memorial Alley,Winston Salem,North Carolina,27116,5108752043784152
Theresita Menichini,72062 Kenwood Way,Jackson,Mississippi,39210,5048373324330806
Margaretta MacGillivray,69452 Becker Park,Lakeland,Florida,33805,5048373471289920
Dallas Folomkin,8930 7th Circle,Akron,Ohio,44321,5108755822287784
Kellie Daens,35714 Rusk Court,Amarillo,Texas,79165,5048375568707649
Guy Blaver,7 Portage Park,Buffalo,New York,14225,5108756464323796
Heidie Flohard,812 Cottonwood Crossing,Durham,North Carolina,27705,5048376544663575
Kalina Fuke,430 Stone Corner Junction,Columbia,South Carolina,29225,5108751370548354
Rory Mugford,60 Warner Circle,Portland,Oregon,97286,5048376874918557
Winonah Ivashnyov,59239 Fairfield Trail,Albany,Georgia,31704,5108758726511861
Law Tilly,888 Sauthoff Street,Pensacola,Florida,32511,5108754708389541
Lucas Pollins,69 Troy Hill,South Bend,Indiana,46620,5048372194970071
Chic Jurewicz,3 Morning Parkway,Youngstown,Ohio,44505,5048378381906620
Kerby Dury,04 Transport Center,Buffalo,New York,14225,5108751205753518
Ham Kerins,8126 Donald Crossing,Pasadena,Texas,77505,5108759052616985
Briggs Hearl,48 Jenifer Parkway,Fort Wayne,Indiana,46852,5108753155584828
Aldo Gillow,0 Manley Plaza,Newport Beach,California,92662,5048370060607447
Jillie Boutton,968 Wayridge Avenue,San Francisco,California,94177,5108751745237097
Katrine Toppes,7 Brentwood Court,Columbus,Ohio,43215,5048376483047558
Dorey Izakoff,06003 Waxwing Road,Long Beach,California,90831,5048374521620429
Gale Chittleburgh,510 Kenwood Plaza,Indianapolis,Indiana,46216,5048376651214287
Alasdair Douris,3137 Burning Wood Place,Boston,Massachusetts,02104,5048370089314736
Wilow Blum,613 Warner Place,Alexandria,Virginia,22333,5108750568105035
Burty Swaby,6 Crowley Avenue,Indianapolis,Indiana,46231,5108753181373121
Darb Aspell,38 Claremont Center,Milwaukee,Wisconsin,53205,5048371954233068
Gwyn Vinker,51302 Meadow Ridge Crossing,Columbia,South Carolina,29225,5108755143557725
Roderick Hellard,8492 Talmadge Terrace,Cleveland,Ohio,44185,5108751167889813
Milly Starzaker,7 Amoth Park,Tulsa,Oklahoma,74170,5108754664360890
Aryn Moggach,46 Schiller Junction,Atlanta,Georgia,31119,5108756980733924
Hill Gonoude,92 Ronald Regan Court,Lake Charles,Louisiana,70616,5108751112981319
Thalia Cammock,8 Hovde Park,Cincinnati,Ohio,45296,5048379896330124
Cordy Dowderswell,5 Bunting Terrace,Nashville,Tennessee,37245,5108750025191503
Caryn Borges,2 Kinsman Trail,Austin,Texas,78759,5048375717381171
Rafaelia Extall,0 Macpherson Crossing,London,Kentucky,40745,5048374106679436
Townsend Senter,602 Dovetail Park,Kansas City,Missouri,64187,5108755492383848
Genia Taplin,63 Stone Corner Street,Stockton,California,95219,5108756257225612
Sioux Fahy,34335 Hollow Ridge Street,Grand Forks,North Dakota,58207,5048376846111661
Helyn Filimore,05282 Tony Court,Fort Worth,Texas,76198,5048378749284892
Damita Tomini,3446 Gulseth Junction,New York City,New York,10175,5108753194766980
Alair Piscot,17 Monument Parkway,Sarasota,Florida,34238,5048370976836007
Anita Byass,3 Emmet Road,Pittsburgh,Pennsylvania,15210,5048370346509359
Pascale Rundle,102 Crest Line Parkway,Santa Cruz,California,95064,5048375582782834
Alexander Poznan,5116 Green Ridge Plaza,Columbus,Georgia,31914,5048370374273464
Giuseppe Antonetti,10981 Sycamore Drive,Duluth,Georgia,30195,5048371272726355
Lorita Lendon,61 Trailsway Street,Akron,Ohio,44305,5108754302069952
Mannie Cardozo,6542 Ilene Parkway,Montgomery,Alabama,36119,5048375341284452
Bernardina Palliser,6 Orin Center,Milwaukee,Wisconsin,53234,5108759969636514
Llewellyn Dayment,63 Porter Way,Fort Worth,Texas,76115,5048370955194063
Brittany McChruiter,6373 Evergreen Hill,Charleston,West Virginia,25331,5048375949981392
Dody Matzen,5 Pankratz Junction,Tallahassee,Florida,32304,5048370529465643
Beryle Crankhorn,151 Kennedy Road,Los Angeles,California,90040,5108759452954408
Melanie Romagosa,9068 Westridge Point,Colorado Springs,Colorado,80935,5108756661599859
Michaeline Whale,76 Mcbride Pass,Baton Rouge,Louisiana,70883,5048378388995519
Coralyn Yacob,59 Lindbergh Road,Houston,Texas,77095,5048376356669389
Shelby Chessel,82 Arrowood Way,Silver Spring,Maryland,20918,5108753413210414
Charles Maleby,36 Clove Drive,Columbus,Ohio,43210,5048377869560255
Basil Mardlin,9330 Debs Terrace,Philadelphia,Pennsylvania,19184,5048374348954183
Seline Rosettini,4 Delaware Pass,Macon,Georgia,31205,5048378873036720
Derwin Soan,62306 Montana Park,Washington,District of Columbia,20051,5108759605841338
Benedict Wahner,68 Eastwood Junction,El Paso,Texas,88589,5108753516732579
Stillman Carlan,8 Reindahl Center,Lancaster,Pennsylvania,17605,5048370037065588
Artus Prinett,074 Pond Center,Falls Church,Virginia,22047,5048373673256198
Nell Doubrava,5941 Glendale Circle,Lincoln,Nebraska,68524,5108750442957718
Angelico Glasman,232 Haas Hill,Jefferson City,Missouri,65105,5048376265247152
Theresita Gascone,66133 Westerfield Avenue,Wilmington,Delaware,19892,5108759196452578
Susi Harrop,710 Corben Point,Cincinnati,Ohio,45271,5048377616232067
Desdemona Pankethman,929 Mifflin Drive,Peoria,Illinois,61635,5108755960003167
Shell Morffew,39 Colorado Plaza,Dayton,Ohio,45414,5048378640938349
Jefferey Gavigan,94 Manley Way,Oakland,California,94660,5048371905139265
Peder Leggis,6369 Mifflin Pass,Kansas City,Missouri,64142,5108754420101455
Ofelia Dumini,4747 Union Hill,Dulles,Virginia,20189,5108754555087065
Elli Davley,2774 Kenwood Pass,Austin,Texas,78769,5048376199912871
Milicent Coady,81380 Waywood Plaza,Delray Beach,Florida,33448,5108755082256958
Maxy Poxton,1 Melody Place,Fort Pierce,Florida,34949,5108754397322217
Rosana Treven,61460 Kropf Way,Anchorage,Alaska,99512,5108758532995852
Claude Ledbetter,0623 Killdeer Hill,Santa Cruz,California,95064,5108759015387328
Aguste Freckelton,080 Randy Place,Albuquerque,New Mexico,87190,5108751816163610
Abba Oehm,715 Loomis Hill,Green Bay,Wisconsin,54305,5048378315744071
Beulah Windross,806 Moulton Road,Round Rock,Texas,78682,5108758882159810
Emylee Cockerton,93 Merchant Drive,Dallas,Texas,75246,5048372736989654
Hogan Jewkes,45300 Cardinal Drive,Wichita,Kansas,67230,5108753198464608
Vivie Wyley,3238 Prairieview Street,Seattle,Washington,98166,5048376997143950
Ninon Croix,6239 Talmadge Way,Sacramento,California,95852,5048371094788799
Hazel Tilt,58 Maryland Point,Syracuse,New York,13210,5108750012007977
Iolanthe Chable,7 4th Plaza,Chicago,Illinois,60686,5048378356371768
Rana Faley,7881 Gale Plaza,Cincinnati,Ohio,45243,5108757467586066
Mirabelle Passfield,79994 Straubel Place,Lexington,Kentucky,40576,5108751803719846
Natal Treasure,58 Buhler Parkway,Washington,District of Columbia,20370,5048372321464345
Nadine Axby,3 Novick Crossing,Boston,Massachusetts,02124,5048375326029179
Alaric Claringbold,568 Sundown Drive,Charleston,West Virginia,25356,5108759194802584
Susannah Vahey,1330 Sutteridge Park,El Paso,Texas,88563,5048375089395015
Gina Farraway,7977 Clyde Gallagher Crossing,Fort Wayne,Indiana,46862,5108756955845943
Renata Ivashintsov,350 Darwin Junction,Tampa,Florida,33610,5048371337466898
Andree Paulmann,9076 Elgar Hill,San Antonio,Texas,78235,5048376757355513
Bettine Cerie,34197 Westridge Crossing,Atlanta,Georgia,31196,5108751938841481
Park Pirdy,8900 Northland Avenue,Clearwater,Florida,33758,5108756768332790
Cynthia Jamot,9019 Pearson Point,Augusta,Georgia,30905,5048374654137902
Livvie Harston,7228 Judy Alley,Cincinnati,Ohio,45296,5108756432315692
Shawna Mazzei,994 Mallory Junction,Houston,Texas,77255,5108755956056443
Andie Landon,271 Miller Parkway,Philadelphia,Pennsylvania,19151,5108757077084031
Cindie Fullwood,2 Garrison Trail,Bethlehem,Pennsylvania,18018,5048377816821164
Del Simonutti,60 Columbus Avenue,Dallas,Texas,75216,5048375060174371
Herve Maypole,0992 Spenser Circle,Pittsburgh,Pennsylvania,15235,5048378864800209
Ross Davidge,89655 Schiller Street,Cleveland,Ohio,44125,5108757951355762
Murvyn Daly,4121 Dottie Lane,Frankfort,Kentucky,40618,5048379693995087
Dory Coole,88 Moland Lane,Athens,Georgia,30610,5048374415616269
Christian Heare,96964 Warrior Terrace,Portsmouth,Virginia,23705,5108758148048021
Kinnie Cavil,9 Delaware Pass,Atlanta,Georgia,30392,5108759122546683
Care Haggeth,056 Mesta Lane,San Diego,California,92105,5048379272952541
Adelaida Wood,069 Granby Street,Oklahoma City,Oklahoma,73179,5108753284609033
Iseabal Puttock,648 Holmberg Hill,Miami,Florida,33185,5108752493388405
Devonna Osorio,1 Delladonna Trail,Lake Worth,Florida,33462,5048377279773316
Juline Moogan,99 Farmco Trail,Dallas,Texas,75323,5048379994107515
Maybelle Murdy,600 Meadow Valley Avenue,Portsmouth,New Hampshire,00214,5108757001086136
Culver Puddefoot,7 Lakewood Hill,Oakland,California,94611,5108759448901182
Scott Luther,36869 Brickson Park Junction,Bradenton,Florida,34205,5048377352234459
Elana Walework,60 Everett Junction,Wichita,Kansas,67230,5048376230130285
Iggie Standbrooke,49853 Morrow Parkway,Lawrenceville,Georgia,30045,5108754678221864
Aeriela Jaskiewicz,2863 Corben Trail,Tucson,Arizona,85705,5108757006387760
Ariel Robens,88 Merry Trail,Memphis,Tennessee,38197,5048376985517686
Joyous Laidlaw,70601 1st Way,Orlando,Florida,32803,5108756152066830
Francine d' Elboux,1 Oakridge Way,Marietta,Georgia,30061,5048370464498773
Wilfrid Laudham,78513 Ohio Alley,Shawnee Mission,Kansas,66220,5048371379756271
Alexandra Maxfield,9982 Dunning Hill,Roanoke,Virginia,24048,5048376540153894
Ursulina Tame,12021 Carey Terrace,Wichita,Kansas,67220,5048370316497106
Miguelita Paul,158 Mendota Point,Bloomington,Illinois,61709,5048379148707590
Elyssa Costello,94 Russell Trail,Wichita,Kansas,67260,5048373709906667
Mycah Stutard,04 North Avenue,San Francisco,California,94159,5108751952942272
Clement Abbitt,07 Lighthouse Bay Trail,Houston,Texas,77223,5108756812886742
Gabi Windross,84017 Farwell Lane,Huntsville,Alabama,35805,5108759086772804
Chrysler Pilgrim,92949 Sloan Point,Cape Coral,Florida,33915,5108758804607425
Hetty Wilcox,42 Heath Point,New York City,New York,10292,5048375100496305
Trish Dederick,93447 Florence Junction,Brea,California,92822,5108753094774845
Gregorio Whiston,7178 Victoria Plaza,Louisville,Kentucky,40298,5108759452731798
Gauthier Akitt,169 Dakota Street,Knoxville,Tennessee,37919,5048374026149262
Talbert Jeannon,51065 Maywood Alley,Huntsville,Alabama,35810,5048371701920496
Kathryne Aglione,0615 Oxford Crossing,Naperville,Illinois,60567,5108757685063591
Clo Woodyatt,5 Fulton Trail,West Palm Beach,Florida,33416,5048376625444697
Dario Dust,81977 Gina Street,Burbank,California,91505,5108758939016773
Thorvald Roose,54259 Straubel Court,Jacksonville,Florida,32230,5108755742923195
Horatio Litel,057 Annamark Hill,Phoenix,Arizona,85035,5108753526096155
Donovan Shepeard,13494 Blue Bill Park Junction,Madison,Wisconsin,53785,5108755990598160
Margret Patience,724 Maple Wood Lane,Roanoke,Virginia,24004,5048373279408466
Erinn Lyston,955 Debra Road,Portland,Oregon,97211,5048376894323119
Rebekkah Gorman,9 Sycamore Drive,Lawrenceville,Georgia,30045,5048378564642133
Allis Everex,415 Judy Pass,Richmond,Virginia,23289,5048376355204691
Emmie Jedrysik,801 Thierer Place,Amarillo,Texas,79171,5108751692024159
Stacia Sandilands,6761 Pawling Park,Miami,Florida,33124,5108755104939144
Shepherd Lewcock,0093 Eggendart Drive,Portsmouth,New Hampshire,03804,5108750091415372
Casie Keri,2 Stuart Plaza,Colorado Springs,Colorado,80951,5048377318291296
Isaak Caroli,440 Carpenter Circle,Nashville,Tennessee,37245,5048375329906365
Marty Harring,391 Barnett Park,Reno,Nevada,89505,5108755793819086
Krystyna Fidock,249 Derek Place,Omaha,Nebraska,68105,5108750852920131
Lorene Pudding,9 Hanson Junction,Pasadena,California,91103,5108756308249843
Chauncey Oats,293 Dahle Lane,Scranton,Pennsylvania,18505,5048372774209023
Roi McAuley,6 Maple Wood Point,San Antonio,Texas,78278,5108755997858302
Alejandro Rubenovic,2702 Stang Park,Memphis,Tennessee,38143,5108757217414171
Steve MacCarter,52622 Springview Terrace,Raleigh,North Carolina,27610,5108752567948290
Cathrin Syfax,51529 Twin Pines Point,Greensboro,North Carolina,27455,5048378919901911
Codee Pighills,329 Waywood Court,Johnstown,Pennsylvania,15906,5048378883539945
Alissa Marchment,784 Reinke Park,Spokane,Washington,99220,5108752860621941
Yovonnda Attree,91703 Grayhawk Point,Riverside,California,92505,5108754619725551
Nichole Bachelor,76240 Monica Place,Corpus Christi,Texas,78405,5048378164906961
Consolata Strippel,82502 Lawn Junction,San Diego,California,92153,5048379631743698
Addison Pirie,9 Pearson Hill,Chicago,Illinois,60663,5108759222910003
Portie Domaschke,6191 Goodland Park,Durham,North Carolina,27705,5048373189151032
Ginnifer Spyvye,50 South Circle,Rochester,New York,14683,5108751649848098
Bern Lansley,682 Armistice Drive,Springfield,Massachusetts,01152,5048377271007556
Jephthah McQuirter,3 Lotheville Plaza,Annapolis,Maryland,21405,5108754019433277
Janean Dauncey,6 Loeprich Pass,Henderson,Nevada,89012,5048373655970659
Anjela Espina,10253 Scott Center,Santa Barbara,California,93106,5048374331598005
Darnall Mibourne,64185 Northport Junction,Naples,Florida,34108,5048375796147345
Alexia Bartley,2974 Charing Cross Point,Dallas,Texas,75216,5108756749859218
Kaela Antoniazzi,473 Eliot Crossing,Pasadena,California,91109,5048378739433665
Edwina Eddow,50 Graceland Plaza,Saint Paul,Minnesota,55108,5048374326779875
Alan Carette,3 Larry Road,Muskegon,Michigan,49444,5108753223982590
Harlen Cloney,25601 John Wall Terrace,Honolulu,Hawaii,96840,5108751047422561
Ailene Carr,8 Elgar Pass,Johnstown,Pennsylvania,15906,5048373517510032
Maxim Domerque,1539 Sugar Plaza,San Antonio,Texas,78285,5108759014223227
Ray Tolomei,35010 Eliot Alley,Sacramento,California,94273,5108752733028258
Cammy Antushev,5285 Clyde Gallagher Center,Palatine,Illinois,60078,5048377156701398
Roscoe Abbess,60 Badeau Lane,Cleveland,Ohio,44125,5048377666454280
Beryl Brainsby,1622 Derek Lane,Philadelphia,Pennsylvania,19141,5048373944981947
Sileas Cometti,9 Katie Trail,Athens,Georgia,30605,5048377496647277
Oran Kittredge,43952 Katie Park,Greensboro,North Carolina,27404,5108758997543601
Karlene Sackes,64256 Hoepker Trail,Portsmouth,New Hampshire,03804,5108758398810757
Tori Halwill,383 Johnson Alley,San Antonio,Texas,78296,5048376670213799
Chic Hollingsby,66122 Schiller Court,Memphis,Tennessee,38109,5108752996531840
Arlena July,01 Myrtle Junction,Washington,District of Columbia,20520,5048371052026125
Corbett Boarder,0162 Briar Crest Avenue,Detroit,Michigan,48206,5108758853080003
Gwenneth Tomich,43 Spaight Junction,Pensacola,Florida,32520,5048373164964722
Damian Broadfield,94755 Sutteridge Circle,Billings,Montana,59105,5108758765143022
Carlotta Crampsy,0193 Elka Plaza,Round Rock,Texas,78682,5108754408420307
Nikola Tatlock,71 Mosinee Junction,South Bend,Indiana,46614,5048370506373950
Jenn Ambrogini,0 Esch Hill,Frederick,Maryland,21705,5048377604558176
Dori Sleight,60906 Emmet Road,Buffalo,New York,14210,5108759511976483
Amandy Kehir,79410 Center Alley,Washington,District of Columbia,20022,5108751654813540
Brandi Bagg,9 Hoffman Drive,Sacramento,California,94263,5048379310562369
Alfons Bromehead,54 Lukken Way,Saint Petersburg,Florida,33715,5108757002939671
Kitty Bodemeaid,257 Bartelt Lane,San Francisco,California,94121,5108757421952099
Gwennie Lampaert,42076 Golden Leaf Center,Lexington,Kentucky,40546,5108751734133273
Eleen Karolewski,49 Straubel Terrace,Reston,Virginia,20195,5048374046815553
Eustacia Mordacai,6841 Dahle Parkway,Nashville,Tennessee,37228,5048377312724193
Arabel Poundesford,1959 Dovetail Parkway,Marietta,Georgia,30061,5048375498708600
Eustacia Targetter,58859 Heffernan Point,Columbus,Ohio,43284,5048370032151904
Magda Crouse,087 Maryland Hill,Orlando,Florida,32808,5108752462711454
Lemmy Gaspar,69339 Westridge Park,Aurora,Illinois,60505,5108753801788815
Alvin Lyndon,0 Charing Cross Parkway,Portsmouth,Virginia,23705,5108753680533092
Charo Gatman,6573 Cambridge Avenue,Washington,District of Columbia,20088,5048374297502298
Federica Royle,43 Maryland Road,Raleigh,North Carolina,27626,5048373726864329
Shawnee Swaddle,0232 6th Circle,Washington,District of Columbia,20029,5048374808240206
Rossy Whatford,6 Springs Hill,Fort Lauderdale,Florida,33336,5108757011883423
Ellerey Patching,05502 Bellgrove Court,Baton Rouge,Louisiana,70805,5048374294638947
Cammy Tippler,75486 Del Mar Lane,Naples,Florida,34114,5048378327580927
Ethe McCathay,8532 Namekagon Center,Tulsa,Oklahoma,74108,5048377505233911
Marjy Becraft,76800 Briar Crest Road,Reno,Nevada,89510,5108755915657430
Sly McCahey,975 Kings Terrace,Fort Wayne,Indiana,46862,5048378707012046
Darelle Gutierrez,82 Haas Hill,Chicago,Illinois,60614,5048375806223631
Felicio Bentje,24 Northfield Point,Jamaica,New York,11470,5108756891301456
Murry Eltun,9 Troy Park,Tucson,Arizona,85732,5108754949261053
Jehu Willbourne,40 Ohio Lane,Gilbert,Arizona,85297,5048372661524997
Brade Dirand,177 Mayer Junction,Austin,Texas,78744,5108758237753358
Cirillo De Malchar,16915 Holmberg Terrace,Rochester,New York,14652,5048375657658703
Benoit Franks,61 Dwight Pass,Sacramento,California,95828,5108757906011031
Thoma Hentzer,301 Lukken Pass,Kansas City,Missouri,64179,5108753490798349
Marc Raymen,593 Di Loreto Avenue,Fort Worth,Texas,76105,5108752256548062
Isidora Willsmore,9973 Glacier Hill Alley,Tucson,Arizona,85732,5108750630066462
Judas MacCome,262 Arkansas Road,Tacoma,Washington,98411,5048372023453109
Jerrold Venneur,79 Artisan Court,Wilmington,North Carolina,28405,5108753802695068
Lezlie Phinnis,810 Prairie Rose Crossing,Charlotte,North Carolina,28299,5108753573866237
Meredith Crimp,42 Arapahoe Circle,Springfield,Missouri,65805,5108753688786213
Fiann Edeler,74904 Cascade Parkway,Dayton,Ohio,45408,5108752618110528
Kirbee Janak,955 Arizona Way,Philadelphia,Pennsylvania,19093,5108754238433884
Cher Raddan,981 Susan Junction,Saint Louis,Missouri,63143,5108759761955765
Car Fridd,91 Del Sol Terrace,Albany,New York,12247,5048371066307990
Sherrie Poynton,11881 Grim Street,Charlotte,North Carolina,28284,5048379314231003
Isacco Chisholm,46715 Homewood Road,Tacoma,Washington,98481,5048376907914847
Abie Tiebe,092 Thackeray Road,Gulfport,Mississippi,39505,5108755936746113
Tyrone Manwaring,3 Tennyson Drive,Asheville,North Carolina,28815,5108755955818926
Lydon Geibel,8919 Calypso Park,Cleveland,Ohio,44111,5108751130914680
Forest Yesson,6789 Raven Court,Miami,Florida,33283,5048374995009679
Vicky Solland,081 Manitowish Street,Fresno,California,93773,5048376626220484
Ingelbert Rowswell,378 Old Gate Pass,Atlanta,Georgia,31165,5048375161266662
Jenda Ramsell,5292 Oneill Hill,Roanoke,Virginia,24014,5108756765368995
Fredrick Roubottom,108 Darwin Terrace,Seattle,Washington,98115,5108758201901033
Arvie Mandifield,6733 Harper Way,Greeley,Colorado,80638,5108756994501424
Kerry Mowat,50397 Anhalt Alley,Dallas,Texas,75353,5048376165014090
Marchelle Keyser,67 Spenser Center,Fresno,California,93709,5048376925270735
Mick Baynard,3617 Hoard Circle,Minneapolis,Minnesota,55470,5048374902356056
Christyna Hammerstone,5851 Thierer Park,Sacramento,California,94286,5108759740800603
Merci Jansa,4234 American Ash Pass,Yonkers,New York,10705,5108751933827402
Adolph Viscovi,7873 Fuller Circle,Petaluma,California,94975,5108755527005952
Denise Rieme,74 3rd Trail,Houston,Texas,77030,5108751277193270
Adham Ryley,81 Sachtjen Pass,Punta Gorda,Florida,33982,5048374886962762
Ephraim Langford,3420 Clyde Gallagher Pass,Amarillo,Texas,79118,5108754907553319
Onfre Bucklan,90 American Ash Park,San Antonio,Texas,78210,5108758972119682
Vaclav Antoney,1320 Kim Trail,Houston,Texas,77020,5048374382478669
Marchall Burston,16 Heath Street,Birmingham,Alabama,35242,5048377321780632
Thorny Skade,91184 Judy Street,Hayward,California,94544,5048379961799237
Rosina Skipp,4 Maple Wood Court,Chattanooga,Tennessee,37450,5048378490665521
Marina Darree,2 Marquette Crossing,Long Beach,California,90840,5048372660780657
Caspar Schieferstein,5 Rieder Crossing,Atlanta,Georgia,30368,5048372497265484
Shelagh Eves,455 Heath Road,Huntington,West Virginia,25775,5048372694546660
Vina Larrington,06790 Lakeland Street,Sacramento,California,95838,5108756684565523
Eugenio MacCurlye,57401 Bellgrove Place,Shreveport,Louisiana,71151,5108751351598105
Talya Curran,125 Arkansas Way,Houston,Texas,77050,5048372845276779
Bethena Ribou,05275 Surrey Pass,Hartford,Connecticut,06160,5048378119409533
Caralie Barrowcliffe,411 Sunnyside Hill,Washington,District of Columbia,20470,5108752342503055
Alphonse Hastie,5 Talmadge Hill,Salt Lake City,Utah,84189,5048371594049585
Alison Strettle,5098 Loomis Park,Pasadena,California,91186,5048372811787627
Glynn Jelleman,00475 Red Cloud Center,Bronx,New York,10459,5048377269078155
Ase Vouls,98305 Hazelcrest Place,Albany,New York,12222,5048376460469379
Wallas Fellos,63 Kenwood Junction,Boston,Massachusetts,02124,5108750802549618
Pennie Elcom,2632 Lunder Court,Birmingham,Alabama,35244,5048378569845152
Etienne Ashfull,98298 Kinsman Alley,Peoria,Illinois,61614,5108757464008684
Xever Ower,7 Paget Park,Bellevue,Washington,98008,5108751816154106
Ronnica MacCarroll,747 Kennedy Place,Louisville,Kentucky,40215,5108751256280304
Horatia Dodle,1 Cambridge Center,Independence,Missouri,64054,5048375520035519
Gordie Skentelbury,552 Gulseth Park,Saginaw,Michigan,48604,5108758886014813
Prudence Quin,03 Lunder Point,Fort Lauderdale,Florida,33336,5108758167335424
Marigold Bothwell,3460 Corry Street,Colorado Springs,Colorado,80940,5108750881371967
Brand Stitwell,19359 Northfield Pass,Milwaukee,Wisconsin,53263,5108758861097304
Yves Melody,18 Farmco Road,Sunnyvale,California,94089,5108758189319133
Kimbell Lewty,72 Magdeline Center,Boulder,Colorado,80310,5108756484463796
Athene Enrdigo,74795 Clarendon Junction,San Antonio,Texas,78230,5108757905619818
Molly Botwood,58409 Dawn Avenue,Charlotte,North Carolina,28220,5108751956273534
Glynn Tydd,143 Loeprich Park,Lakeland,Florida,33811,5048378811843609
Rodie Heare,021 Fisk Circle,Greensboro,North Carolina,27409,5108756338820357
Colver Cathro,06045 Basil Junction,Jacksonville,Florida,32225,5108757028575665
Randal Usherwood,6722 Rutledge Place,College Station,Texas,77844,5048379155292353
Garv Manns,93 Nova Court,Daytona Beach,Florida,32123,5108751078324074
Samaria Deplacido,505 Evergreen Terrace,Crawfordsville,Indiana,47937,5108753808152015
Olivette Birkmyr,437 Oakridge Point,Philadelphia,Pennsylvania,19151,5048378215082762
Aurelia Capnor,888 Upham Court,Odessa,Texas,79764,5108756960608450
Abey Arzu,3647 Dakota Court,Spartanburg,South Carolina,29305,5108751932805243
Zachariah Pexton,2573 Hollow Ridge Street,Edmond,Oklahoma,73034,5048371680061361
Goraud Worthington,3582 Ruskin Road,Jackson,Mississippi,39216,5108754880424827
Cheryl Sams,720 Cody Point,Pittsburgh,Pennsylvania,15266,5108751446788026
Wat Fitzpayn,2445 Prairieview Hill,Houston,Texas,77240,5048375429527590
Mason Cullotey,649 Mariners Cove Junction,Orlando,Florida,32835,5108751433226568
Larry Rattenberie,016 Wayridge Court,Kansas City,Missouri,64136,5108753341151342
Lenka Morrall,66 Onsgard Pass,New York City,New York,10014,5108750955447230
Susy Kitman,2076 Roxbury Avenue,Santa Barbara,California,93106,5048377569431518
Adina Cisson,6949 Northridge Lane,Washington,District of Columbia,20397,5108753776918223
Ibbie Simms,731 Rowland Park,Fresno,California,93773,5048375612122811
Hamilton Slate,45345 Stuart Junction,Lincoln,Nebraska,68531,5108755740660575
Rayna Stoter,1 Valley Edge Drive,Decatur,Illinois,62525,5048373458375460
Galven Manston,49 Mendota Street,Shreveport,Louisiana,71161,5108755963089270
Melisa Elgey,15 Village Junction,Paterson,New Jersey,07505,5048377174545694
Huntley Sheers,974 Logan Trail,Albuquerque,New Mexico,87110,5108755332779981
Lind Hurton,45 Kim Lane,London,Kentucky,40745,5048373308929490
Cassy Garfitt,14144 Park Meadow Drive,Huntington,West Virginia,25716,5108753957513033
Ashlin Organ,58 Lake View Hill,Edmond,Oklahoma,73034,5108757552519246
Yoko Braunfeld,2 Continental Way,Scottsdale,Arizona,85255,5048374882056452
Aeriell Spare,680 Gulseth Center,Newport Beach,California,92662,5108759889180973
Suzie Bramley,36793 Warner Alley,Phoenix,Arizona,85062,5108750079575932
Jo Cannicott,22174 Warner Crossing,Atlanta,Georgia,30356,5048376613079224
Wyatan Chinge,7 Packers Parkway,El Paso,Texas,88514,5048376221487256
Sheila Lerer,9611 Cody Alley,Fairbanks,Alaska,99790,5108751180438341
Shaw Mecco,76 Hansons Park,North Las Vegas,Nevada,89087,5108753533790022
Dolly Urquhart,44 Bunting Lane,San Jose,California,95150,5048373942825955
Wayne Proske,21 Hoard Hill,Aurora,Colorado,80015,5048374842451462
Carena Gritland,9 Marcy Alley,Charlotte,North Carolina,28272,5048376265712627
Samson Shubotham,5 6th Lane,Asheville,North Carolina,28805,5048373788771388
Christi Aulds,05 Red Cloud Way,Madison,Wisconsin,53790,5108752644274827
Liza Mabbutt,971 Banding Road,Madison,Wisconsin,53790,5048376149500065
Arthur Overbury,3 Forest Dale Park,Bakersfield,California,93305,5108752604654737
Shermie Bowman,04 Green Ridge Avenue,Amarillo,Texas,79188,5048370983058009
Catriona Frowde,1938 Hoffman Alley,Charlotte,North Carolina,28263,5048379328490843
Jacquetta Hixley,3 Basil Park,Chicago,Illinois,60630,5048375558610332
Marcellus Petrescu,0982 Buhler Park,Oklahoma City,Oklahoma,73135,5048372760713087
Artemis Eliasen,69016 Thackeray Alley,Birmingham,Alabama,35263,5048379089316609
Florrie Ryding,02097 Meadow Vale Way,Macon,Georgia,31296,5048379474936649
Pren Jory,435 Farmco Trail,Tuscaloosa,Alabama,35405,5048375891156670
Marabel Boaler,686 East Court,Gainesville,Florida,32605,5108758651518725
Celinka Blackstock,634 Helena Court,Reading,Pennsylvania,19610,5048370564024917
Stevie Hugle,85 Gateway Avenue,Louisville,Kentucky,40256,5048371186467732
Philis Hambribe,3434 Prairieview Terrace,Las Vegas,Nevada,89110,5108753263369559
Marcel Roots,635 Ridgeview Parkway,Cleveland,Ohio,44118,5048375427390496
Broderick Barbosa,5637 Ludington Road,Phoenix,Arizona,85010,5108754316186040
Biddie Le Noir,2729 Graceland Road,Bradenton,Florida,34205,5048378534769529
Bronson Maddyson,0308 Moose Lane,Washington,District of Columbia,20299,5048373291641565
Jonas Cashin,9 Golf Hill,Des Moines,Iowa,50315,5048375363376848
Jeth Gellert,602 Rieder Terrace,Tempe,Arizona,85284,5108750159780097
Adria Mellows,1 Jana Road,Wilmington,North Carolina,28410,5048379202783420
Bartlett Fowlston,3130 International Pass,Lakeland,Florida,33805,5108751596276889
Heda Halegarth,8927 Barby Park,Shreveport,Louisiana,71161,5108759520575672
Doris Kliemke,459 Sullivan Parkway,Asheville,North Carolina,28815,5108758016471743
Randi Idiens,6006 Menomonie Drive,Buffalo,New York,14233,5108756674582652
Forrester Severwright,635 Stoughton Hill,Miami,Florida,33111,5108758129120724
Catha Wardrope,355 Johnson Lane,Springfield,Missouri,65805,5048378483028679
Angelita Driffe,54301 Sage Terrace,New York City,New York,10260,5108755483031562
Fleurette Clampett,1490 Muir Trail,Anderson,Indiana,46015,5108756932181875
Bert Janjusevic,60 Sommers Court,Atlanta,Georgia,30306,5048371788697835
Emerson Lamanby,3 Prairie Rose Street,Annapolis,Maryland,21405,5048377051774029
Bar Messom,55721 Dunning Road,Las Vegas,Nevada,89130,5108757515753528
Bronson Macieja,6 Sycamore Pass,Evansville,Indiana,47705,5108750828990721
Oliy Kurton,554 Hermina Lane,San Jose,California,95194,5108751104832447
Philippa Ellick,67192 Melody Street,Washington,District of Columbia,20041,5108752543359745
Rhetta Bertram,6440 West Pass,Alhambra,California,91841,5108759429744486
Rois Bestwick,2 Spohn Lane,Worcester,Massachusetts,01654,5108754332701244
Thelma Keller,79796 Monument Road,Baltimore,Maryland,21282,5108753503261400
Constancia Riha,93 Huxley Lane,Lincoln,Nebraska,68583,5108752918921897
Terri Gotliffe,74047 Rusk Point,Olympia,Washington,98516,5048370708838263
Claudina Stubbins,45 Darwin Way,Boise,Idaho,83727,5048375286802995
Nerta Brettle,73138 Loomis Lane,Fairfax,Virginia,22036,5048371454937895
Arel Manketell,025 Shoshone Drive,Grand Rapids,Michigan,49510,5048377978966914
Stevena Lenham,55 Independence Place,South Lake Tahoe,California,96154,5048379286649646
Cam Jeandon,82 Washington Crossing,Fresno,California,93709,5048375160655857
Shayne Douce,4 Manufacturers Point,San Jose,California,95108,5108754470369291
Helene Trude,85 Burrows Street,Fort Worth,Texas,76105,5108759362304298
Trixie Thomann,5756 Dahle Circle,Topeka,Kansas,66629,5048373244438671
Josias Agar,9807 Havey Parkway,Tucson,Arizona,85754,5108753221459542
Netta Mole,1723 Sommers Junction,New York City,New York,10039,5048376732996423
Jack Bacup,86 Westend Parkway,Rochester,New York,14624,5108754377601937
Marcellina Robjant,09 Dottie Place,New York City,New York,10090,5108756703145273
Mathias Monan,60 Golf View Way,Las Vegas,Nevada,89193,5108751821531421
Ferguson Hamsher,0 Mallory Way,New Haven,Connecticut,06505,5108752332357991
Bil Fraschetti,8 Melvin Circle,Van Nuys,California,91411,5108750037119039
Sula Luton,143 John Wall Way,Hicksville,New York,11854,5048377601260867
Durante Yakov,7438 Waxwing Street,Peoria,Illinois,61635,5048370403336357
Louisette Haggerwood,3356 Farwell Pass,Wilmington,North Carolina,28410,5108750714568300
Aldric Gauche,9932 Caliangt Junction,El Paso,Texas,79928,5108755615885216
Casper Havers,3 Roxbury Circle,Las Vegas,Nevada,89135,5048376642402769
Jarad Hofer,23200 Evergreen Avenue,Jefferson City,Missouri,65105,5048373441890294
Creight Adnet,7 Gulseth Parkway,Los Angeles,California,90025,5108754576686077
Perla Brabben,2 Pleasure Court,Tuscaloosa,Alabama,35487,5048377138536953
Muhammad Doleman,8 Golden Leaf Drive,Migrate,Kentucky,41905,5108754471968679
Jaquenetta Emig,743 Weeping Birch Plaza,Norman,Oklahoma,73071,5108753008535332
Lyman Gossipin,791 Stang Circle,Atlanta,Georgia,30340,5108756378073461
Fairleigh Knightsbridge,9651 Kenwood Drive,Arlington,Texas,76016,5108757540291841
Solomon Deverille,55525 Eagle Crest Parkway,Sioux Falls,South Dakota,57198,5108753350426692
Curry Castan,70 Meadow Vale Street,Spring Hill,Florida,34611,5048372332109442
Sheba Crann,933 Artisan Road,Las Cruces,New Mexico,88006,5108756753289245
Katalin Semens,135 Summer Ridge Junction,Washington,District of Columbia,20210,5108751490147632
Solomon Currin,07 Birchwood Place,Miami,Florida,33190,5108756790366105
Eloisa Coche,3 Troy Circle,Erie,Pennsylvania,16550,5108758377411221
Miriam MacHostie,2 Westport Crossing,Lubbock,Texas,79491,5048374597834888
Torrie Kalkofer,46167 Chive Street,Hartford,Connecticut,06145,5048374088858669
Kinny Capner,6 Saint Paul Junction,Muncie,Indiana,47306,5108750344698519
Gunther Lortzing,73472 Pepper Wood Way,Naples,Florida,34102,5108759681966520
Susi Scanterbury,29 Bunker Hill Junction,Saint Paul,Minnesota,55123,5048370089498588
Jessi Edscer,73 Buhler Trail,Oklahoma City,Oklahoma,73197,5108755337254642
Haleigh Sulter,72298 Vera Plaza,Fort Worth,Texas,76162,5048376138782153
Amos Beceril,823 Walton Court,Philadelphia,Pennsylvania,19184,5048370182157917
Charlene Antoniou,91 Rigney Parkway,Kansas City,Missouri,64130,5048374806736338
Corine Notman,27 Village Green Pass,Durham,North Carolina,27717,5048370410612337
Catarina Stading,58 Gale Way,Albuquerque,New Mexico,87201,5108757754816374
Reginauld Peterken,76 Duke Place,Salt Lake City,Utah,84120,5108757320860559
Happy Popworth,9889 Sutteridge Lane,Kalamazoo,Michigan,49048,5108751773698350
Sammy Meekin,5 Fairfield Road,Fresno,California,93704,5048370462845777
Mortimer Poag,93 Basil Crossing,White Plains,New York,10633,5048373814769380
Licha Bursnell,0 Cambridge Avenue,Houston,Texas,77250,5048370858151020
Eddy Larver,90 Arrowood Crossing,Los Angeles,California,90071,5108759370033269
Joice Folshom,04330 Basil Point,Orange,California,92867,5048378287557758
Frayda Ayrton,70 Goodland Street,Toledo,Ohio,43605,5108751515642195
Jordanna Divers,0441 Troy Court,Atlanta,Georgia,31165,5108756029025787
Eran McGarrahan,5 Hooker Point,Bryan,Texas,77806,5048372769990116
Gui Warsop,2 Dakota Avenue,Peoria,Illinois,61651,5048378023237251
Tabbie Gittings,09086 Burrows Junction,Pittsburgh,Pennsylvania,15235,5048372507436091
Lowrance Apted,657 Milwaukee Lane,Atlanta,Georgia,31132,5048371612567501
Welby Nassi,98 Armistice Circle,Midland,Texas,79705,5108751889037204
Amby McPhilip,98 Vidon Trail,Pittsburgh,Pennsylvania,15205,5048374641372232
Lind Hearty,2447 Weeping Birch Alley,Washington,District of Columbia,20062,5048371050406857
Rice Basey,8 Caliangt Alley,Charleston,West Virginia,25356,5108750569706781
Herschel Meikle,12 Dayton Junction,El Paso,Texas,79977,5108754440497990
Lisabeth Bortolini,3 Riverside Plaza,Sacramento,California,95838,5108755592910003
Haskel Embling,033 Maple Avenue,New York City,New York,10184,5048372542700105
Mireielle Olivet,64 Loomis Point,Dallas,Texas,75323,5048375923855240
Michelle Hampe,8898 Brickson Park Avenue,Brockton,Massachusetts,02405,5108755129280193
Olympia Fischer,0 Onsgard Terrace,Garland,Texas,75049,5108759691146428
Rutter Fahrenbacher,32 Eagan Court,Atlanta,Georgia,30356,5048375779092716
Cody Brettelle,02838 2nd Junction,Hartford,Connecticut,06145,5048372274117155
Patty Bussens,028 Russell Alley,Chicago,Illinois,60697,5048371590763676
Bella Rawkesby,255 Vera Street,San Antonio,Texas,78215,5108755412577156
Lurleen Elcocks,76333 Troy Circle,Myrtle Beach,South Carolina,29579,5048374376354579
Perri Pee,0471 School Drive,Tucson,Arizona,85743,5048374733246724
Lyndsie Wimpenny,6573 Farwell Avenue,Kansas City,Missouri,64130,5108750338823313
Christina Wayte,98 Packers Lane,Anderson,South Carolina,29625,5048374665170710
Haleigh Silverson,259 Ilene Place,Falls Church,Virginia,22047,5108759566938909
Bellanca Jenteau,56233 Westerfield Avenue,Laurel,Maryland,20709,5108758760315765
Vere Tumilson,0 Glendale Park,Columbus,Ohio,43210,5048377713865876
Gillian Galego,23 Eggendart Court,Oceanside,California,92056,5108755080697237
Gradeigh Kerr,31012 Gulseth Trail,Boise,Idaho,83722,5048371747217576
Galvin Lownie,71 Oneill Court,Bridgeport,Connecticut,06673,5048378999587515
Sigfried Barrable,57293 Pankratz Place,Indianapolis,Indiana,46231,5108752294302571
Juan Cleve,28011 Corry Junction,Port Saint Lucie,Florida,34985,5048375606777620
Karlene Shimony,495 Artisan Drive,Portsmouth,Virginia,23705,5048373193853045
Mercedes Amies,0996 Waubesa Circle,Norfolk,Virginia,23551,5108753395707700
Elisabetta Mew,2729 Hollow Ridge Drive,Pasadena,California,91117,5048374089989612
Tades Landrieu,701 Eagle Crest Trail,Baltimore,Maryland,21229,5048374312447131
Dare Gaskall,880 Tomscot Pass,Tyler,Texas,75705,5048376402183419
Bunni Bastard,2331 North Plaza,Atlanta,Georgia,31119,5048376625827248
Weber Broszkiewicz,462 Pond Street,Houston,Texas,77245,5048374252712353
Nev McQuilkin,8616 Clyde Gallagher Parkway,Stamford,Connecticut,06912,5108750179383179
Thomas Gomez,8194 Continental Point,Sarasota,Florida,34276,5108757143575848
Gearalt Pebworth,446 Maryland Terrace,Tucson,Arizona,85743,5108756591536096
Hamid Mosley,8978 Golf Alley,Las Vegas,Nevada,89105,5108759092030932
Ellynn Stockley,2 Montana Parkway,Boise,Idaho,83705,5108754085861831
Bearnard Beat,8 Forest Alley,Richmond,Virginia,23208,5048372156145423
Alphonse Roche,00612 Anniversary Circle,Santa Fe,New Mexico,87592,5108758433670950
Constantina Cantillion,4000 Debra Lane,Schenectady,New York,12305,5108759741174057
Stacee Fearnehough,4636 Union Road,Concord,California,94522,5048371841563594
Cross Bly,01754 Sutteridge Road,Omaha,Nebraska,68110,5048373301517672
Matelda Rosenbush,92623 Holy Cross Pass,Cincinnati,Ohio,45203,5108753244796474
Jarrett Matthiae,171 Upham Hill,El Paso,Texas,79934,5048379673745668
Brenden Devinn,23 Bunker Hill Road,Milwaukee,Wisconsin,53263,5048375517790480
Krishnah Goodsell,2 Merchant Circle,Alexandria,Virginia,22309,5108758298722433
Arlette Hadwen,494 Fisk Street,Phoenix,Arizona,85077,5048372723974032
Tory Cressar,30 Summer Ridge Place,Seattle,Washington,98127,5108755351064521
Steve Scarff,48 Ridge Oak Drive,Lynchburg,Virginia,24515,5048375024649526
Brent Danev,21319 Village Green Crossing,Nashville,Tennessee,37220,5108757409994857
Koenraad Nekrews,455 Corry Plaza,Stamford,Connecticut,06912,5108756366390802
Stanislaw O'Toole,5086 1st Lane,Shawnee Mission,Kansas,66210,5048373868111869
Adam Readmire,33913 Ronald Regan Terrace,Riverside,California,92505,5048379332811265
Wilhelm Matysik,377 Elka Street,San Jose,California,95155,5108757791304442
Cyndia Farady,80588 Logan Crossing,Hamilton,Ohio,45020,5108754632638385
Dara Tubble,59 American Court,Duluth,Minnesota,55811,5108758536456950
Kirbee Whyke,41 Sunfield Hill,Phoenix,Arizona,85077,5108758292435123
Barnett Sawforde,255 Northview Road,Anaheim,California,92805,5108755014280548
Sunshine Halstead,19149 Heffernan Hill,Austin,Texas,78715,5108753424912990
Elaina Howroyd,505 La Follette Terrace,Boston,Massachusetts,02283,5108755298520775
Roseanna Kingzeth,02 Knutson Avenue,Atlanta,Georgia,30392,5108756181602092
Derrik Teaser,44 Mandrake Hill,New York City,New York,10029,5108757048865963
Antonie Tills,12420 American Parkway,New York City,New York,10249,5048378204271152
Corette Golborn,19394 Debra Avenue,Omaha,Nebraska,68124,5048372253471219
Grace Capitano,73044 Michigan Circle,Knoxville,Tennessee,37914,5048372706291115
Ulla Ugoletti,00 Karstens Street,New Orleans,Louisiana,70179,5048374949087821
Bevvy Jubb,58701 Maryland Avenue,Dallas,Texas,75231,5108752061798340
Norri Sketcher,0 Moland Crossing,Minneapolis,Minnesota,55436,5048375792279373
Allister Hischke,9 Summerview Avenue,Saint Joseph,Missouri,64504,5048374555258013
Zerk Cammiemile,7012 Sunbrook Circle,Lansing,Michigan,48901,5108759475627924
Janie Lupson,1 Harbort Parkway,Flint,Michigan,48505,5108758633801819
Octavius Amiable,5 Lawn Center,Louisville,Kentucky,40280,5108756148178046
Sancho Kuhnert,0217 Dayton Crossing,Corpus Christi,Texas,78470,5048378051701673
Rossie Dirr,43 Northland Hill,Dallas,Texas,75392,5108758840935780
Rees Frigot,3 Colorado Center,Birmingham,Alabama,35210,5048371162232423
Lela Poter,729 Roxbury Plaza,Houston,Texas,77266,5048379918277063
Dick Renihan,068 Thackeray Center,Kalamazoo,Michigan,49006,5048375446979972
Walt Soames,70 Ridge Oak Avenue,Tampa,Florida,33673,5108755690712699
Maridel Harkins,99 Buena Vista Pass,Chicago,Illinois,60674,5108757339384054
Neilla Maulkin,3985 Caliangt Terrace,Louisville,Kentucky,40215,5108756239479022
Avigdor Culbard,2581 Warrior Pass,Sacramento,California,94273,5048377213350031
Charlie Haste,84286 Novick Way,Oklahoma City,Oklahoma,73152,5108757013958769
Angie Walas,77 Fisk Plaza,Houston,Texas,77245,5108758389064869
Artemus Hicks,4008 Rusk Alley,Houston,Texas,77050,5108754462828502
Donny Rainer,60 Buena Vista Road,Waterbury,Connecticut,06705,5048375189924169
Kass McGirr,5 Arizona Court,Baton Rouge,Louisiana,70836,5108756208821097
Avigdor Halls,891 Bashford Center,Pasadena,California,91131,5108758755662650
Von Callum,410 Ronald Regan Trail,Hartford,Connecticut,06160,5048375027285229
Lem Kerss,618 Iowa Way,New York City,New York,10009,5048373690345479
Rosalia Tomek,60928 Lien Junction,Syracuse,New York,13251,5108751908260704
Randi Ruffler,5 Pepper Wood Circle,Miami,Florida,33185,5108755915410103
Sherri Cammell,23 Lunder Crossing,Dallas,Texas,75251,5048371236053839
Miguelita Moyser,25 Welch Crossing,Santa Fe,New Mexico,87505,5108750238233506
Fairfax O'Looney,49 Michigan Lane,Saint Paul,Minnesota,55115,5048371609928583
Gerardo Ranklin,3466 Colorado Park,Minneapolis,Minnesota,55470,5108751194336952
Sig Baumler,4603 3rd Place,Kent,Washington,98042,5108751112171127
Devondra Dametti,906 Kipling Center,Memphis,Tennessee,38168,5108755473887544
Clemmie Westfield,43 Birchwood Drive,Atlanta,Georgia,30392,5048379237733101
Reyna Espinay,361 Sullivan Parkway,Stockton,California,95219,5108754135319384
Miles Wytchard,65828 Buena Vista Trail,Philadelphia,Pennsylvania,19136,5048378171457040
Shelden Palffrey,54 Burning Wood Center,Trenton,New Jersey,08608,5108754967137789
Alvan Coules,7 Clarendon Avenue,Greensboro,North Carolina,27415,5048376458304489
Deloria Poltone,37 Esker Plaza,Orlando,Florida,32813,5108758019147100
Channa Pavlenko,399 Basil Circle,Las Vegas,Nevada,89193,5048376902833950
Ninnetta Eberle,245 Butterfield Way,Carson City,Nevada,89706,5108757168072580
Thaine Minichillo,8 Anniversary Place,Wilmington,North Carolina,28405,5108753849726033
Courtnay Fouch,281 Russell Point,Louisville,Kentucky,40233,5048377111384835
Gertruda Pull,93 Lindbergh Park,Fresno,California,93762,5108759509407558
Orella Sarah,99 Talisman Way,Buffalo,New York,14215,5048378556952730
Susan Boutcher,0 Northport Way,Atlanta,Georgia,30392,5108754634916797
Brendis Kilner,8 Dottie Circle,San Jose,California,95160,5048373642686483
Evelina Yorath,67561 East Point,Kansas City,Kansas,66105,5048374607476696
Karlik Godspeede,4708 Mcguire Alley,Los Angeles,California,90010,5108756401424368
Vick Cossentine,41284 Charing Cross Park,Anchorage,Alaska,99512,5048377843794327
Saree Wakerley,9389 Esker Center,Denver,Colorado,80291,5048370034551820
Ferdinande Pollastrino,614 Garrison Place,El Paso,Texas,79984,5048374203441615
Odette Firmager,67 Daystar Court,Fort Worth,Texas,76178,5108756903977640
Elmira Elmar,37257 North Road,Buffalo,New York,14225,5048370241806033
Devy Prettyjohns,70 Pennsylvania Street,Lubbock,Texas,79415,5048372710661287
Staford Van Hesteren,45458 Green Ridge Drive,Pensacola,Florida,32575,5048373953911348
Darsey Gennerich,222 Meadow Vale Avenue,Boston,Massachusetts,02163,5048375970298906
Ddene Aviss,8896 Pine View Hill,Fort Wayne,Indiana,46867,5108754316377011
Klaus Bontoft,101 Anthes Crossing,Des Moines,Iowa,50315,5108754055552501
Debby Urpeth,1581 Dryden Place,Lubbock,Texas,79410,5048373556623274
Vikky Gabey,713 Old Shore Parkway,Houston,Texas,77281,5048371111345870
Mortie Haggis,91091 Cardinal Hill,Conroe,Texas,77305,5108753522818008
Rudiger Rayer,51859 David Parkway,Brockton,Massachusetts,02405,5048379018050790
Lita Parnaby,2 Fisk Junction,Scottsdale,Arizona,85271,5108755533128848
Jacobo Cushelly,392 Harbort Pass,Palm Bay,Florida,32909,5048374762857748
Bobbe Hulstrom,295 Boyd Way,Jefferson City,Missouri,65105,5108755808977879
Tiffi Cettell,473 Washington Terrace,Philadelphia,Pennsylvania,19136,5108753560447280
Raina McIvor,71 Moulton Crossing,Bakersfield,California,93386,5108753453633954
Alikee Durn,39223 Westridge Parkway,Peoria,Illinois,61635,5048376770078290
Kiele Goymer,80626 Glendale Court,Tucson,Arizona,85710,5048375334035457
Cale Billinge,73 Green Ridge Alley,Miami,Florida,33190,5108752819347549
Emerson Fullard,39259 Dorton Alley,Boise,Idaho,83705,5048373950304604
Krissy Fullman,0 Veith Place,Toledo,Ohio,43605,5048374025827892
Meyer Japp,9 Daystar Center,Des Moines,Iowa,50315,5108757187995647
Maia Skune,29357 Dovetail Junction,Las Vegas,Nevada,89105,5108756671427604
Costanza Lismore,089 Dexter Terrace,Fresno,California,93709,5048379623542637
Ashien Stump,406 Raven Trail,Temple,Texas,76505,5108754340313024
Darice Usmar,20 Golf Center,Trenton,New Jersey,08603,5048372273933370
Ronalda Vittori,96793 Doe Crossing Point,Yonkers,New York,10705,5048375359285888
Sharon MacSween,0773 Larry Hill,Canton,Ohio,44760,5048376891144435
Kathrine Clendinning,98690 Little Fleur Alley,Denver,Colorado,80291,5048377579436606
Cindie Constant,99 Sundown Avenue,Charleston,South Carolina,29411,5108755229190706
Erda Beche,865 Northview Parkway,Washington,District of Columbia,20409,5108759685400492
Ned Broscombe,11 Judy Center,Bronx,New York,10454,5048379303990254
Cherice Clewett,20653 Thompson Junction,Huntington,West Virginia,25709,5048370705232478
Phebe Mathewes,7 Shelley Lane,Seattle,Washington,98195,5048373460133220
Loella Fleisch,16011 Shopko Circle,Cleveland,Ohio,44185,5108759166763442
Merell Lascelles,821 Karstens Point,Portsmouth,New Hampshire,00214,5048371592115909
Austen McAw,4 Mcguire Circle,Mesquite,Texas,75185,5108753505410047
Archy Glaze,4622 Jana Crossing,Port Washington,New York,11054,5108757471602032
Phillis Meekin,1 Lerdahl Center,Cedar Rapids,Iowa,52405,5048371911144598
Lucinda Twamley,03 Dapin Crossing,Albany,New York,12210,5048371863969539
Georgine Tackett,90015 Iowa Pass,Houston,Texas,77075,5048379186576246
Audre Wilcher,518 Warbler Road,Visalia,California,93291,5108754809805130
Margaretha Bragg,15 Colorado Crossing,Philadelphia,Pennsylvania,19160,5108757171003820
Everard Kytley,7097 Springview Center,Saint Louis,Missouri,63104,5108752882512623
Moe Coite,086 Mendota Place,Jackson,Mississippi,39210,5048372393003401
Gracia Searle,5839 Marquette Point,Las Vegas,Nevada,89135,5108759963061776
Douglas True,2579 Comanche Drive,Akron,Ohio,44315,5048372938103971
Wynnie Burgwin,1 Amoth Parkway,New York City,New York,10110,5048373135553406
Gilles Sneddon,41 Gale Road,Bonita Springs,Florida,34135,5048374755702679
Prudence Pengilly,96 Fallview Drive,Albany,New York,12242,5108757636036209
Dulci Zorzetti,94 John Wall Circle,Los Angeles,California,90081,5048376173123644
Willy Le Lievre,7 Sutherland Street,Spokane,Washington,99220,5048378722356212
Cyndy Walework,1851 Center Lane,Bakersfield,California,93386,5108754160892172
Sheila Quinton,6788 Hoepker Crossing,Baton Rouge,Louisiana,70826,5048376449718169
Bryan Baudic,05 Reinke Drive,San Jose,California,95173,5108759119250331
Rorie Bolsover,6 Tennessee Hill,Amarillo,Texas,79171,5108753389704374
Arny Spratt,3 Debra Point,Atlanta,Georgia,30340,5048377118314736
Dominick Braisted,009 Beilfuss Terrace,Sacramento,California,94297,5108754078434257
Nessie Doodney,1974 Bluejay Drive,Grand Junction,Colorado,81505,5108751080445701
Prescott Pre,8453 Northridge Pass,Phoenix,Arizona,85083,5108757108367256
Jocko Popworth,75 Muir Center,Charlotte,North Carolina,28235,5108752238435206
Ingmar Hartas,275 Mariners Cove Park,Largo,Florida,34643,5048373984018238
Terry Sydall,45216 Blackbird Crossing,Mobile,Alabama,36605,5048379922153599
Carline Udey,990 Westend Road,Winston Salem,North Carolina,27116,5108752049314582
Loleta Calow,4 Mitchell Junction,Boulder,Colorado,80310,5048375095201892
Deny Crew,37 Nobel Point,Dayton,Ohio,45414,5108758748133793
Lurline Brissenden,6 Dovetail Lane,Washington,District of Columbia,20380,5048379364314923
Stanley Stranaghan,4 Homewood Parkway,Arlington,Texas,76016,5048376484200743
Cherise Armor,9 Dovetail Avenue,Montgomery,Alabama,36134,5048378943887623
Benoit Denmead,41081 Bluestem Parkway,Oklahoma City,Oklahoma,73114,5048375313194879
Kort Sillick,01 Hintze Alley,Canton,Ohio,44710,5048379173205460
Sigismond Russen,69293 Quincy Way,Jefferson City,Missouri,65110,5048379139032271
Holmes Bellson,892 Center Street,Madison,Wisconsin,53726,5048379442033594
Aimee Allso,2735 Swallow Road,Lakewood,Washington,98498,5108754359261346
Georgina Ashton,7228 Pankratz Terrace,Amarillo,Texas,79188,5108752297891729
Jeddy French,01654 Arapahoe Trail,Seattle,Washington,98166,5048371887916839
Alyson Kadd,95854 Monterey Street,Levittown,Pennsylvania,19058,5108750198815797
Sharla Powling,4586 Melby Terrace,Brooklyn,New York,11225,5108757803242739
Lanna McColgan,4 Merchant Hill,Oklahoma City,Oklahoma,73157,5048378233266769
Wyn Burburough,3357 Spaight Parkway,Memphis,Tennessee,38143,5108752855824211
Perry Posselow,6 Reindahl Hill,Austin,Texas,78778,5048375108752980
Elfreda Truckell,56189 Arizona Point,Naples,Florida,33963,5108751910006038
Marcos Boss,8 Springview Avenue,Dallas,Texas,75260,5108752500471426
Hedy Maffione,62 School Alley,Jacksonville,Florida,32277,5048378306348494
Dayna Gatteridge,462 Basil Terrace,Columbus,Ohio,43231,5048378028329103
Dahlia Stanes,4 Ruskin Point,Tampa,Florida,33620,5108750897192969
Nita Moehler,23819 Riverside Trail,Indianapolis,Indiana,46221,5048379867184682
Sharron Turn,3 Prairie Rose Center,Nashville,Tennessee,37220,5048377898684134
Griz Caghan,930 Anthes Terrace,Humble,Texas,77346,5108750367784295
Phil Troup,76217 Cody Plaza,Omaha,Nebraska,68164,5048376334474522
Darell O'Lochan,8 Butterfield Point,Cleveland,Ohio,44118,5108756429855502
Dom Ponnsett,52 Lukken Terrace,Monticello,Minnesota,55585,5048376972805557
Onida Pyffe,57 8th Junction,Gainesville,Florida,32610,5108755687892058
Thain Ferrarotti,1 David Street,Fort Wayne,Indiana,46896,5108759402854278
Brendin Finlater,2 Arrowood Trail,Des Moines,Iowa,50369,5048377541457409
Bourke Skinley,46657 Rockefeller Circle,Laurel,Maryland,20709,5108759472531848
Welch Giacomelli,74423 Derek Center,Grand Junction,Colorado,81505,5048370504631888
Kristel Yurocjkin,89 Miller Crossing,Cedar Rapids,Iowa,52410,5048378633148922
Neville Fursland,9887 Merchant Pass,Richmond,Virginia,23220,5108753945382004
Wynne Cammock,20005 Autumn Leaf Avenue,Macon,Georgia,31296,5048372330822202
Tallie Renfree,27053 Rockefeller Junction,San Luis Obispo,California,93407,5108756201059539
Wynn Prickett,818 Cottonwood Street,Pasadena,California,91186,5108752812393540
Esmaria Sherrington,890 Eastlawn Lane,Chicago,Illinois,60646,5048372299701223
Arabela Mathonnet,31 Brickson Park Hill,Sacramento,California,94250,5108756978652938
Mattheus Jeste,2581 Schiller Circle,Rochester,New York,14646,5048374111151579
Daria Tetley,22353 Hoepker Street,Aurora,Illinois,60505,5108759147457726
Tarrah Gingles,67 Starling Center,Mobile,Alabama,36610,5108759325408095
Berkie Matteoli,9940 Roth Street,Tulsa,Oklahoma,74126,5048377620114228
Yancey Castellan,4 Hovde Court,San Mateo,California,94405,5048374461123137
Frederich Scarf,6974 South Street,Brooklyn,New York,11220,5048377482056582
Regan Creavin,6792 Mallard Hill,Atlanta,Georgia,30386,5108755734814030
Elwyn Trimnell,0595 Sachs Plaza,Clearwater,Florida,34620,5108751849773666
Fayth Lembke,0250 Helena Plaza,San Diego,California,92170,5108759671704535
Opaline Bohl,7 Vidon Way,Washington,District of Columbia,20508,5048372904221344
Ashley Belfit,22506 Fisk Center,Tacoma,Washington,98417,5108751654054798
Legra Castellanos,5487 Talisman Center,Phoenix,Arizona,85030,5108750625830518
Andy Strut,7027 Columbus Place,Fresno,California,93726,5048375536574774
Millicent Roon,3822 Prentice Place,Pasadena,California,91103,5108753404736294
Auroora McKernan,854 Bayside Plaza,Cleveland,Ohio,44197,5048372987895543
Hilary Hackey,936 Maple Lane,Fresno,California,93778,5108755617590350
Alfredo Steedman,6346 Bartelt Junction,Hartford,Connecticut,06183,5048378322928840
Jackquelin Rhymer,62 Carey Drive,Kansas City,Missouri,64193,5108751521060929
Putnam Aiston,203 Express Park,Brooklyn,New York,11225,5048374619171996
Kelly Ledur,24 Raven Park,San Diego,California,92165,5048372276229131
Daveta Talby,472 Fairview Junction,High Point,North Carolina,27264,5048378170584000
Karlotta Harkness,22902 Coleman Avenue,Mobile,Alabama,36628,5108753051710196
Brant Fayerman,64 Division Parkway,Austin,Texas,78764,5108753519660900
Sebastien Elderkin,33993 Eastwood Pass,Chicago,Illinois,60614,5108750932599541
Gaynor Finey,489 Sunfield Crossing,Saint Petersburg,Florida,33710,5108754575849668
Bary Heffernon,10420 Schlimgen Court,Tucson,Arizona,85710,5108758942848964
Daphene Abrahim,1055 Jenna Place,Birmingham,Alabama,35231,5108758124704076
Madalena Parkes,5 Ryan Drive,Charlottesville,Virginia,22903,5108757203469411
Lulu Kunkler,38 Veith Lane,Durham,North Carolina,27717,5048376270763649
Vitoria Antrim,38 Aberg Crossing,El Paso,Texas,79923,5048378705930876
Reinaldo Denington,08 Pennsylvania Circle,Buffalo,New York,14205,5108753675202356
Valenka Rickerby,832 Killdeer Park,Spokane,Washington,99215,5048371456605706
Kerianne Bardell,21 Hintze Circle,Orange,California,92867,5048371911189098
Sibella Sillitoe,2 Forest Run Street,Boca Raton,Florida,33432,5108750412825580
Brana deKnevet,5 Northfield Park,Everett,Washington,98206,5048370269203741
Eba Djurdjevic,66 Acker Way,Sacramento,California,94207,5048372017098886
Orazio Arnell,34 Hovde Street,Richmond,Virginia,23277,5048376870283980
Lizette Hyde-Chambers,4615 Mallard Park,Pasadena,California,91125,5108758373980435
Nanete Billinge,5056 Cordelia Park,Irvine,California,92612,5048378751774657
Ethe Ewbank,3 Southridge Road,Boston,Massachusetts,02163,5048375743856543
Byrom Garmey,74 Petterle Alley,Terre Haute,Indiana,47805,5108750097486781
Tammie Bisiker,4 Randy Center,Lakeland,Florida,33811,5108759899220694
Cari Wasson,403 Vahlen Pass,Knoxville,Tennessee,37914,5108754879394973
Merralee O'Doghesty,713 Pond Lane,Mesa,Arizona,85205,5048378730985234
Rory Rushmer,896 Springview Lane,Salt Lake City,Utah,84130,5048370167943430
Quintin Ashbe,94 Cottonwood Drive,Topeka,Kansas,66629,5048372426870735
Warner Blei,63 Glacier Hill Crossing,Minneapolis,Minnesota,55458,5108752341271225
Dorita Heart,0 Michigan Alley,Chandler,Arizona,85246,5108753094700261
Phoebe Sheilds,52801 Nobel Pass,Naples,Florida,34102,5108754350246825
Sanford Reckus,00 Eastwood Terrace,Tallahassee,Florida,32399,5048379409079150
Cristobal Lotherington,90573 Quincy Road,San Jose,California,95108,5048370657880092
Griswold Brierton,02565 Green Court,Fort Smith,Arkansas,72905,5108757529068145
Celle Odeson,62 Miller Terrace,Canton,Ohio,44720,5048373884167564
Page Andrioli,790 East Place,Charlotte,North Carolina,28242,5108759773709143
Manny Paumier,1 West Alley,Lincoln,Nebraska,68505,5108759888242634
Gilemette Bailes,38012 Dottie Alley,Bridgeport,Connecticut,06673,5108756916458059
Hettie Aldwich,23414 Oakridge Park,Jamaica,New York,11470,5048378187467504
Hieronymus Brunnen,948 Parkside Hill,Tulsa,Oklahoma,74116,5048371489807055
Corabel Larkings,60 Cordelia Point,Minneapolis,Minnesota,55470,5048375618276397
Daryn Margery,181 Karstens Lane,Johnson City,Tennessee,37605,5108758953027862
Cornela Samsonsen,0 Victoria Parkway,Lansing,Michigan,48956,5048375150563111
Jeramey Mepsted,3 Warrior Lane,Kansas City,Kansas,66160,5108754843698632
Alonzo Garthside,6120 Sage Place,Dayton,Ohio,45419,5048374448837981
Stace Jamrowicz,5 Sundown Alley,Pittsburgh,Pennsylvania,15210,5048374176603456
Dewey Chilley,1601 Green Ridge Point,White Plains,New York,10606,5048375945073012
Drew Kalberer,49 Dryden Terrace,Fort Wayne,Indiana,46862,5108750644021818
Euphemia Work,11270 Banding Trail,Springfield,Illinois,62756,5108752715031569
Nobe Dechelette,0492 Daystar Drive,Kansas City,Missouri,64130,5048370217776996
Barbra Scarre,47182 Pawling Center,Kansas City,Missouri,64160,5108752595487253
Isis Purton,5 Clemons Avenue,Pensacola,Florida,32590,5048371128632278
Gelya Petschelt,013 Goodland Trail,Baton Rouge,Louisiana,70894,5048375292347134
Matthias Stow,30840 Prentice Drive,Fort Worth,Texas,76192,5048376040671353
Mallorie O'Loinn,014 Parkside Court,Louisville,Kentucky,40250,5048375917527490
Kaylee Klich,9514 Village Parkway,Washington,District of Columbia,20078,5048371621061819
Dorian Proschek,26 Wayridge Park,Daytona Beach,Florida,32118,5048378429543518
Lexine Cartmell,549 Green Way,Bradenton,Florida,34210,5048371527258949
Titus Bembrick,193 Russell Lane,Durham,North Carolina,27710,5048373621631393
Adele Alfonso,1179 7th Lane,Saint Louis,Missouri,63121,5108754826583223
Sandy MacChaell,605 Shoshone Hill,Akron,Ohio,44321,5108753622462293
Caesar Garrique,7815 Monterey Trail,Santa Barbara,California,93106,5048374176616094
Jethro De Haven,765 Schmedeman Alley,Albuquerque,New Mexico,87180,5048376800040476
Thorstein Dodgson,8 Porter Street,Berkeley,California,94712,5048379300287506
Knox Cerman,5 Browning Lane,Des Moines,Iowa,50362,5048379494662951
Lindon Haycraft,31 Morning Park,Sioux City,Iowa,51110,5108759373957670
Jacobo Sinnatt,445 Wayridge Point,Raleigh,North Carolina,27626,5048370593417645
Diandra Klimkov,1236 Dayton Road,San Diego,California,92170,5108752941145092
Modestia Weins,04 Kingsford Center,Kent,Washington,98042,5108750821978079
Gerek Faraker,87061 Toban Pass,Washington,District of Columbia,20503,5048377072917169
Harold Dillimore,9016 Fremont Trail,Vancouver,Washington,98664,5108755120440945
Minnie Flawn,807 Bellgrove Point,Buffalo,New York,14263,5048376135816038
Tabatha Nimmo,821 Loeprich Way,Orlando,Florida,32803,5108758394082385
Estevan Gowrich,52732 Shoshone Junction,Lake Charles,Louisiana,70616,5108756804986849
Gianna Gomersal,3 Fisk Way,Columbus,Georgia,31904,5048377731282625
Hallsy Benitti,2 Stephen Alley,Salt Lake City,Utah,84125,5108756248156009
Shelden Jerrim,1 Stang Place,New York City,New York,10260,5108754650567227
Tuck Oakhill,6 Lakeland Park,Canton,Ohio,44705,5048377037745978
Selena Morecomb,37 Quincy Street,Raleigh,North Carolina,27610,5108757723014739
Juliane Shorie,0 Wayridge Court,Littleton,Colorado,80127,5048378071445392
Jacquelyn Pedrozzi,8 Melody Park,Salt Lake City,Utah,84189,5048374993064585
Rollin Wornum,570 Straubel Park,Brockton,Massachusetts,02405,5108756365133732
Aylmer Booij,13 Bluestem Lane,Akron,Ohio,44310,5048374996298313
Dionysus Spering,79428 Muir Center,Mc Keesport,Pennsylvania,15134,5108755567697775
Brear Echalier,35 8th Center,Hagerstown,Maryland,21747,5108758846519612
Clovis Ivanchikov,73875 Porter Center,Washington,District of Columbia,20010,5108759695875857
Magdalena Alwell,58 Dexter Circle,Norfolk,Virginia,23509,5048370259815736
Ennis Seagrave,71 Stoughton Place,Newark,New Jersey,07188,5108759593836720
Holly Flood,7 Katie Plaza,Tyler,Texas,75705,5048377819667457
Gloriane Antonopoulos,1 Arizona Parkway,Brooklyn,New York,11225,5048375088601637
Randolph Cockren,866 Shoshone Lane,Odessa,Texas,79769,5108750687920132
Jojo Clynmans,105 Welch Court,New York City,New York,10131,5048370923401368
Gardy Mullinger,0414 Schurz Road,Arlington,Virginia,22225,5048372119525067
Arv Claybourn,76 Butterfield Junction,Sacramento,California,94207,5108755284543443
Emanuel Wasiel,62 Northland Circle,San Mateo,California,94405,5108757021926196
Heindrick Mangon,0 Meadow Vale Plaza,Rochester,New York,14652,5108757695133095
Ella Ready,5949 Delladonna Lane,San Antonio,Texas,78220,5048373073061560
Arly Gatrell,50 Cordelia Trail,Denver,Colorado,80228,5048374471430092
Brigitta Doerren,0 Toban Park,Port Saint Lucie,Florida,34985,5048370010585669
Sebastian Newvill,2 Brown Center,Lawrenceville,Georgia,30245,5048375517132048
Daffie Trenholm,169 Schlimgen Plaza,Kingsport,Tennessee,37665,5108753147809671
Raphaela Knappitt,855 Oakridge Drive,Phoenix,Arizona,85040,5108750674584685
Gayle Inston,20571 Rutledge Hill,Tulsa,Oklahoma,74108,5108755181834978
Niven Renshell,30710 Mcguire Court,Las Vegas,Nevada,89160,5108750317234623
Ossie Teale,35625 Bunker Hill Road,Whittier,California,90605,5108759414640244
Maxy Cheyne,26582 Golf Course Trail,Santa Ana,California,92725,5108752699515504
Anna-maria Redhead,91 La Follette Point,Miami,Florida,33147,5048378892964662
Franni Ragdale,2505 Dennis Crossing,Seattle,Washington,98175,5108753518031749
Frank Wibberley,84 Sunnyside Street,San Francisco,California,94137,5048372535022079
Jacquette Ivanishin,126 Anzinger Avenue,Indianapolis,Indiana,46221,5048373285575209
Jesse Bruckstein,1623 Hoepker Alley,Hamilton,Ohio,45020,5048370845232990
Gerladina Jerger,704 Victoria Plaza,Austin,Texas,78726,5048371703523900
Sammy Reedick,5295 Amoth Drive,Seattle,Washington,98148,5048376296393272
Jeniece Copes,80111 Lighthouse Bay Plaza,Abilene,Texas,79699,5108759910402214
Baxie Sivewright,9896 Crescent Oaks Parkway,Tempe,Arizona,85284,5048375998144975
Carlotta McAuley,8 Hanson Crossing,Washington,District of Columbia,20599,5108750296478241
Joceline Cornbell,81601 Pawling Alley,San Antonio,Texas,78240,5048376417589543
Tamqrah Noyes,0 Dovetail Way,Houston,Texas,77045,5108750437403272
Tito Clougher,55524 Calypso Drive,Rochester,New York,14646,5108753715778050
Rasia Mathevon,091 Spaight Crossing,Decatur,Illinois,62525,5108752366270748
Brian Bernaert,395 Forest Point,Modesto,California,95354,5048378075856834
Chicky Tathacott,27323 Brickson Park Place,Burbank,California,91520,5108759736850562
Adrienne Dowell,17901 Bluejay Court,Saginaw,Michigan,48609,5108750059406660
Winston Sargerson,624 Summit Park,Oklahoma City,Oklahoma,73109,5108752610868065
Etienne Senter,1 Eastwood Way,Buffalo,New York,14205,5048375584819584
Justinn Gheraldi,692 Johnson Lane,Dayton,Ohio,45408,5048372235784820
Sonja Leipelt,15274 Parkside Court,Omaha,Nebraska,68144,5108750895862928
Wilhelm Archley,07 Mesta Circle,Jamaica,New York,11436,5048376385558017
Adina McDonald,1 Cascade Parkway,Valdosta,Georgia,31605,5108752459918385
Rubetta Goolding,43296 Golf Terrace,Columbia,Missouri,65211,5048374012570760
Garner Crowthe,3620 Kropf Hill,Springfield,Massachusetts,01105,5048373680172776
Enrika Lisle,1 Morning Trail,Jacksonville,Florida,32277,5048373899514313
Had Girodon,62104 8th Pass,Glendale,California,91205,5048376173134211
Guy Banbridge,3949 Gerald Center,Norwalk,Connecticut,06859,5048376923501776
Findley Slayton,1233 Quincy Pass,Tulsa,Oklahoma,74156,5108755608686704
Quincy Cristofol,55 Dahle Place,Portland,Oregon,97216,5048374712700816
Maisey McCorry,7267 Kensington Terrace,Akron,Ohio,44329,5048373927217533
Rycca Grigori,41265 Mallard Hill,Memphis,Tennessee,38150,5048379691599345
Franny Olennikov,5 Bonner Pass,Rochester,Minnesota,55905,5048374404432041
Trent Kahane,11410 Stephen Avenue,Atlanta,Georgia,30351,5048375891449984
Kirsteni Thiem,2006 Rusk Hill,Tyler,Texas,75799,5108755339929142
Goldy Shilling,0244 Butternut Point,Longview,Texas,75605,5048374791787130
Pancho Cherry,665 Loomis Center,Daytona Beach,Florida,32123,5048378541079102
Chicky Guppie,4 Caliangt Way,Columbus,Ohio,43220,5108756663680053
Marcella Miskimmon,3440 Grover Terrace,Saginaw,Michigan,48604,5048370275638724
Mitch Eliassen,07 Bellgrove Drive,Tampa,Florida,33673,5048379766614383
Sharyl Measey,86593 Moulton Junction,Florence,South Carolina,29505,5108754906372737
Cointon Bauckham,956 Independence Alley,Rockford,Illinois,61110,5108759744495616
Rozanna Gillio,214 Riverside Avenue,Omaha,Nebraska,68105,5048371529756049
Mortie Durtnell,74491 Jackson Street,Newark,New Jersey,07112,5108752541594764
Nicolais Hemshall,82 Straubel Center,Young America,Minnesota,55557,5108756719003052
Tedman Gilbertson,22 David Lane,Berkeley,California,94712,5108751884918564
Gwenore Beauly,87 Hovde Park,Juneau,Alaska,99812,5108750129037792
Shandee Lathwood,77363 Dottie Trail,Lake Charles,Louisiana,70616,5048373716004704
Ivett Schubart,85012 Heath Pass,Denton,Texas,76205,5048375054987564
Madelon D'Elias,4 Iowa Point,Merrifield,Virginia,22119,5048374497862641
Constancy Kwiek,56 Shoshone Circle,Frankfort,Kentucky,40618,5108756000071024
Storm Amber,398 Bonner Avenue,Katy,Texas,77493,5108758501681632
Staci Gothard,2 Bartillon Drive,Shawnee Mission,Kansas,66276,5048373308283351
Ag Millwall,17 Reindahl Terrace,Pasadena,Texas,77505,5108758524300665
